{
    "metrics": {
        "http_reqs": {
            "count": 1,
            "rate": 0.5732028800005503
        },
        "http_req_duration{expected_response:true}": {
            "p(90)": 140.717,
            "p(95)": 140.717,
            "avg": 140.717,
            "min": 140.717,
            "med": 140.717,
            "max": 140.717
        },
        "http_req_connecting": {
            "avg": 139.954,
            "min": 139.954,
            "med": 139.954,
            "max": 139.954,
            "p(90)": 139.954,
            "p(95)": 139.954
        },
        "http_req_duration": {
            "med": 140.717,
            "max": 140.717,
            "p(90)": 140.717,
            "p(95)": 140.717,
            "avg": 140.717,
            "min": 140.717
        },
        "http_req_blocked": {
            "min": 601.994,
            "med": 601.994,
            "max": 601.994,
            "p(90)": 601.994,
            "p(95)": 601.994,
            "avg": 601.994
        },
        "vus_max": {
            "value": 1,
            "min": 1,
            "max": 1
        },
        "iteration_duration": {
            "p(95)": 1744.34425,
            "avg": 1744.34425,
            "min": 1744.34425,
            "med": 1744.34425,
            "max": 1744.34425,
            "p(90)": 1744.34425
        },
        "iterations": {
            "rate": 0.5732028800005503,
            "count": 1
        },
        "data_received": {
            "count": 2222,
            "rate": 1273.6567993612227
        },
        "http_req_receiving": {
            "p(95)": 0.276,
            "avg": 0.276,
            "min": 0.276,
            "med": 0.276,
            "max": 0.276,
            "p(90)": 0.276
        },
        "http_req_failed": {
            "passes": 0,
            "fails": 1,
            "value": 0
        },
        "http_req_tls_handshaking": {
            "p(95)": 458.501,
            "avg": 458.501,
            "min": 458.501,
            "med": 458.501,
            "max": 458.501,
            "p(90)": 458.501
        },
        "http_req_sending": {
            "avg": 0.162,
            "min": 0.162,
            "med": 0.162,
            "max": 0.162,
            "p(90)": 0.162,
            "p(95)": 0.162
        },
        "data_sent": {
            "count": 525,
            "rate": 300.9315120002889
        },
        "vus": {
            "max": 1,
            "value": 1,
            "min": 1
        },
        "http_req_waiting": {
            "med": 140.279,
            "max": 140.279,
            "p(90)": 140.279,
            "p(95)": 140.279,
            "avg": 140.279,
            "min": 140.279
        }
    },
    "root_group": {
        "groups": {},
        "checks": {},
        "name": "",
        "path": "",
        "id": "d41d8cd98f00b204e9800998ecf8427e"
    }
}